{
    "activeJobs": [
        {
            "id": 1,
            "name": "Property Consultant",
            "tokensIssued": "13",
            "closedDate": "24 September 2019",
            "employer": "Jomayi property masters",
            "imagePath": "assets/images/company/1.jpg",
            "completedInterviews": 5,
            "pendingInterviews": 6,
            "favourites": 2
        },
        {
            "id": 2,
            "name": "Accountant",
            "tokensIssued": "13",
            "closedDate": "24 September 2019",
            "employer": "Jomayi property masters",
            "imagePath": "assets/images/company/2.jpg",
            "completedInterviews": 15,
            "pendingInterviews": 3,
            "favourites": 1
        },
        {
            "id": 3,
            "name": "Java Springboot Developer",
            "tokensIssued": "13",
            "closedDate": "24 September 2019",
            "employer": "Jomayi property masters",
            "imagePath": "assets/images/company/3.jpg",
            "completedInterviews": 0,
            "pendingInterviews": 7,
            "favourites": 2
        },
        {
            "id": 4,
            "name": "Restaurant Manager",
            "tokensIssued": "13",
            "closedDate": "14 August 2019",
            "employer": "Jomayi property masters",
            "imagePath": "assets/images/company/4.jpg",
            "completedInterviews": 55,
            "pendingInterviews": 30,
            "favourites": 3
        }
    ]
}