{
    "industries": [
        {
            "id": 1,
            "name": "Real Estate"
        },
        {
            "id": 2,
            "name": "Technology"
        },
        {
            "id": 3,
            "name": "Government"
        },
        {
            "id": 4,
            "name": "NGO"
        },
        {
            "id": 5,
            "name": "Agriculture"
        }
    ],
    "employers": [
        {
            "id": 1,
            "name": "Horizon Development",
            "imagePath": "assets/images/company/1.jpg"
        },
        {
            "id": 2,
            "name": "CocaCola",
            "imagePath": "assets/images/company/2.jpg"
        },
        {
            "id": 3,
            "name": "Ernest & Young",
            "imagePath": "assets/images/company/3.jpg"
        },
        {
            "id": 4,
            "name": "Case Hospital",
            "imagePath": "assets/images/company/4.jpg"
        },
        {
            "id": 5,
            "name": "East African Breweries",
            "imagePath": "assets/images/company/5.jpg"
        }
    ],
    "answerTypes": [
        {
            "id": 1,
            "name": "Numberic Range Answer"
        },
        {
            "id": 2,
            "name": "Multi Choice Answer"
        },
        {
            "id": 3,
            "name": "Word Match"
        },
        {
            "id": 4,
            "name": "True OR False"
        },
        {
            "id": 5,
            "name": "True OR False With Qualification"
        },
        {
            "id": 6,
            "name": "No Correct Answer"
        }
    ]
}