{
    "locations": [
        {
            "id": 1,
            "name": "Nairobi"
        },
        {
            "id": 2,
            "name": "Kampala"
        },
        {
            "id": 3,
            "name": "Mombasa"
        },
        {
            "id": 4,
            "name": "Kwale"
        },
        {
            "id": 5,
            "name": "Ngong"
        }
    ],
    "industries": [
        {
            "id": 1,
            "name": "Real Estate"
        },
        {
            "id": 2,
            "name": "Technology"
        },
        {
            "id": 3,
            "name": "Government"
        },
        {
            "id": 4,
            "name": "NGO"
        },
        {
            "id": 5,
            "name": "Agriculture"
        }
    ],
    "jobs": [
        {
            "name": "Property Consultant",
            "employer": "Jomayi property masters",
            "imagePath": "assets/images/company/1.jpg",
            "postDate": "24 August 2019",
            "closeDate": "24 September 2019",
            "status": "open"
        },
        {
            "name": "Taxi Driver",
            "employer": "Uganda Taxi Drivers",
            "imagePath": "assets/images/company/2.jpg",
            "postDate": "24 August 2019",
            "closeDate": "24 September 2019",
            "status": "open"
        },
        {
            "name": "Investiment Analyst",
            "employer": "Ernest and Young",
            "imagePath": "assets/images/company/3.jpg",
            "postDate": "24 August 2019",
            "closeDate": "24 September 2019",
            "status": "open"
        },
        {
            "name": "50 Nurses",
            "employer": "Mulago Hospital",
            "imagePath": "assets/images/company/4.jpg",
            "postDate": "24 August 2019",
            "closeDate": "24 September 2019",
            "status": "open"
        },
        {
            "name": "20 Accountants",
            "employer": "Uganda Breweries",
            "imagePath": "assets/images/company/5.jpg",
            "postDate": "04 August 2019",
            "closeDate": "15 August 2019",
            "status": "closed"
        },
        {
            "name": "50 Tailors",
            "employer": "Fashion Designers",
            "imagePath": "assets/images/company/6.jpg",
            "postDate": "04 August 2019",
            "closeDate": "15 August 2019",
            "status": "closed"
        }
    ]
}