{
    "pastJobs": [
        {
            "id": 5,
            "name": "Dentist",
            "postedDate": "13 August 2019",
            "closedDate": "14 August 2019",
            "employer": "Jomayi property masters",
            "imagePath": "assets/images/company/5.jpg",
            "completedInterviews": 5,
            "pendingInterviews": 1,
            "favourites": 1
        },
        {
            "id": 6,
            "name": "20 Sales",
            "postedDate": "13 August 2019",
            "closedDate": "14 August 2019",
            "employer": "Jomayi property masters",
            "imagePath": "assets/images/company/1.jpg",
            "completedInterviews": 50,
            "pendingInterviews": 14,
            "favourites": 2
        },
        {
            "id": 7,
            "name": "50 Security Guards",
            "postedDate": "13 August 2019",
            "closedDate": "14 August 2019",
            "employer": "Jomayi property masters",
            "imagePath": "assets/images/company/2.jpg",
            "completedInterviews": 90,
            "pendingInterviews": 20,
            "favourites": 2
        },
        {
            "id": 8,
            "name": "100 Katalon Testers",
            "postedDate": "13 August 2019",
            "closedDate": "14 August 2019",
            "employer": "Jomayi property masters",
            "imagePath": "assets/images/company/3.jpg",
            "completedInterviews": 90,
            "pendingInterviews": 29,
            "favourites": 3
        }
    ]
}