{
    "answerTypes": [
        {
            "id": 1,
            "name": "Numberic Range Answer"
        },
        {
            "id": 2,
            "name": "Multi Choice Answer"
        },
        {
            "id": 3,
            "name": "Word Match"
        },
        {
            "id": 4,
            "name": "True OR False"
        },
        {
            "id": 5,
            "name": "True OR False With Qualification"
        },
        {
            "id": 6,
            "name": "No Correct Answer"
        }
    ],
    "emmaQuestions": [
        {
            "id": 1,
            "question": "What are your long range and short range goals and objectives, when and why did you establish these goals and how are you preparing yourself to achieve them?"
        },
        {
            "id": 2,
            "question": "What specific goals, other than those related to your career, have you established for yourself?"
        },
        {
            "id": 3,
            "question": "What do you see yourself doing five years from now?"
        },
        {
            "id": 4,
            "question": "What do you expect to be earning in five years?"
        },
        {
            "id": 5,
            "question": "What do you really want to do in life?"
        },
        {
            "id": 6,
            "question": "What are the most important rewards you expect in your business career?"
        },
        {
            "id": 7,
            "question": "Which is more important to you, the money or type of job?"
        },
        {
            "id": 8,
            "question": "What do you consider to be your greatest strengths and weaknesses?"
        },
        {   
            "id": 9,
            "question": "How would you describe yourself?"
        },
        {
            "id": 10,
            "question": "How do you think a friend or professor who knows you would describe you?"
        }
    ],
    "jobs": [
        {
            "id": 1,
            "name": "Property Consultant",
            "employer": "Jomayi property masters",
            "imagePath": "assets/images/company/1.jpg",
            "questions": [
                {
                    "numericRangeQuestions": [
                        {
                            "id": 1,
                            "question": "What is pi to 2 decimal places?"
                        },
                        {
                            "id": 2,
                            "question": "What is the boiling point of mercury?"
                        }
                    ],
                    "multiChoiceQuestions": [
                        {
                            "id": 1,
                            "question": "Which numbers are odd?"
                        }
                    ],
                    "wordMatchQuestions": [
                        {
                            "id": 1,
                            "question": "What are the attributes of Object Oriented Programming?"
                        }
                    ],
                    "trueOrFalseQuestions": [
                        {
                            "id": 1,
                            "question": "What color do you see on the screen"
                        }
                    ],
                    "trueOrFalseWithQualificationQuestions": [
                        {
                            "id": 1,
                            "question": "Do you have at least five years of experience working in recruitment?"
                        }
                    ],
                    "noCorrectAnswerQuestions": [
                        {
                            "id": 1,
                            "question": "What color do you see on the screen"
                        }
                    ]
                }
            ]
        },
        {
            "id": 2,
            "name": "Accountant",
            "employer": "Jomayi property masters",
            "imagePath": "assets/images/company/2.jpg",
            "questions": [
                {
                    "wordMatch": [
                        {
                            "id": 1,
                            "question": "What are the attributes of Object Oriented Programming?"
                        }
                    ],
                    "trueOrFalse": [
                        {
                            "id": 1,
                            "question": "What color do you see on the screen"
                        }
                    ],
                    "trueOrFalseWithQualification": [
                        {
                            "id": 1,
                            "question": "Do you have at least five years of experience working in recruitment?"
                        }
                    ]
                }
            ]
        },
        {
            "id": 3,
            "name": "Java Spring Boot developer",
            "employer": "Jomayi property masters",
            "imagePath": "assets/images/company/3.jpg",
            "questions": [
                {
                    "numericRangeQuestions": [
                        {
                            "id": 1,
                            "question": "What is pi to 2 decimal places?"
                        },
                        {
                            "id": 2,
                            "question": "What is the boiling point of mercury?"
                        }
                    ],
                    "multiChoiceQuestions": [
                        {
                            "id": 1,
                            "question": "Which numbers are odd?"
                        }
                    ]
                }
            ]
        },
        {
            "id": 4,
            "name": "Restaurant Manager",
            "employer": "Jomayi property masters",
            "imagePath": "assets/images/company/4.jpg",
            "questions": [
                {
                    "trueOrFalse": [
                        {
                            "id": 1,
                            "question": "What color do you see on the screen"
                        }
                    ],
                    "trueOrFalseWithQualification": [
                        {
                            "id": 1,
                            "question": "Do you have at least five years of experience working in recruitment?"
                        }
                    ],
                    "noCorrectAnswer": [
                        {
                            "id": 1,
                            "question": "What color do you see on the screen"
                        }
                    ]
                }
            ]
        },
        {
            "id": 5,
            "name": "Dentist",
            "employer": "Jomayi property masters",
            "imagePath": "assets/images/company/5.jpg",
            "questions": [
                {
                    "numericRangeQuestions": [
                        {
                            "id": 1,
                            "question": "What is pi to 2 decimal places?"
                        },
                        {
                            "id": 2,
                            "question": "What is the boiling point of mercury?"
                        }
                    ],
                    "multiChoiceQuestions": [
                        {
                            "id": 1,
                            "question": "Which numbers are odd?"
                        }
                    ],
                    "wordMatch": [
                        {
                            "id": 1,
                            "question": "What are the attributes of Object Oriented Programming?"
                        }
                    ],
                    "trueOrFalse": [
                        {
                            "id": 1,
                            "question": "What color do you see on the screen"
                        }
                    ],
                    "trueOrFalseWithQualification": [
                        {
                            "id": 1,
                            "question": "Do you have at least five years of experience working in recruitment?"
                        }
                    ],
                    "noCorrectAnswer": [
                        {
                            "id": 1,
                            "question": "What color do you see on the screen"
                        }
                    ]
                }
            ]
        },
        {
            "id": 6,
            "name": "20 Sales",
            "employer": "Jomayi property masters",
            "imagePath": "assets/images/company/1.jpg",
            "questions": [
                {
                    "numericRangeQuestions": [
                        {
                            "id": 1,
                            "question": "What is pi to 2 decimal places?"
                        },
                        {
                            "id": 2,
                            "question": "What is the boiling point of mercury?"
                        }
                    ],
                    "multiChoiceQuestions": [
                        {
                            "id": 1,
                            "question": "Which numbers are odd?"
                        }
                    ],
                    "wordMatch": [
                        {
                            "id": 1,
                            "question": "What are the attributes of Object Oriented Programming?"
                        }
                    ]
                }
            ]
        },
        {
            "id": 7,
            "name": "50 Security Guards",
            "employer": "Jomayi property masters",
            "imagePath": "assets/images/company/2.jpg",
            "questions": [
                {
                    "numericRangeQuestions": [
                        {
                            "id": 1,
                            "question": "What is pi to 2 decimal places?"
                        },
                        {
                            "id": 2,
                            "question": "What is the boiling point of mercury?"
                        }
                    ],
                    "multiChoiceQuestions": [
                        {
                            "id": 1,
                            "question": "Which numbers are odd?"
                        }
                    ],
                    "wordMatch": [
                        {
                            "id": 1,
                            "question": "What are the attributes of Object Oriented Programming?"
                        }
                    ],
                    "trueOrFalse": [
                        {
                            "id": 1,
                            "question": "What color do you see on the screen"
                        }
                    ]
                }
            ]
        },
        {
            "id": 8,
            "name": "100 Katalon Testers",
            "employer": "Jomayi property masters",
            "imagePath": "assets/images/company/3.jpg",
            "questions": [
                {
                    "numericRangeQuestions": [
                        {
                            "id": 1,
                            "question": "What is pi to 2 decimal places?"
                        },
                        {
                            "id": 2,
                            "question": "What is the boiling point of mercury?"
                        }
                    ],
                    "multiChoiceQuestions": [
                        {
                            "id": 1,
                            "question": "Which numbers are odd?"
                        }
                    ],
                    "wordMatch": [
                        {
                            "id": 1,
                            "question": "What are the attributes of Object Oriented Programming?"
                        }
                    ],
                    "trueOrFalse": [
                        {
                            "id": 1,
                            "question": "What color do you see on the screen"
                        }
                    ],
                    "trueOrFalseWithQualification": [
                        {
                            "id": 1,
                            "question": "Do you have at least five years of experience working in recruitment?"
                        }
                    ],
                    "noCorrectAnswer": [
                        {
                            "id": 1,
                            "question": "What color do you see on the screen"
                        }
                    ]
                }
            ]
        }
    ]
}