{
    "jobs": [
        {
            "id": 1,
            "name": "Property Consultant",
            "employer": "Jomayi property masters",
            "imagePath": "assets/images/company/1.jpg",
            "postedDate": "13 August 2019",
            "closedDate": "24 September 2019",
            "status": "Active",
            "completedInterviews": 5,
            "pendingInterviews": 6,
            "favourites": [
                {
                    "firstName": "John",
                    "lastName": "Doe",
                    "imagePath": "assets/images/favourites/1.jpg",
                    "knowledge": 100,
                    "skills": 100,
                    "ability": 100,
                    "other": 99
                },
                {
                    "firstName": "William",
                    "lastName": "Williams",
                    "imagePath": "assets/images/favourites/2.jpg",
                    "knowledge": 100,
                    "skills": 100,
                    "ability": 100,
                    "other": 99
                }
            ],
            "ranked": [
                {
                    "firstName": "Kasaija",
                    "lastName": "Ronald",
                    "imagePath": "assets/images/ranked/4.jpg",
                    "knowledge": 99,
                    "skills": 99,
                    "ability": 99,
                    "other": 99
                }
            ],
            "questions": [
                {
                    "numericRangeQuestions": [
                        {
                            "id": 1,
                            "question": "What is pi to 2 decimal places?"
                        },
                        {
                            "id": 2,
                            "question": "What is the boiling point of mercury?"
                        }
                    ],
                    "multiChoiceQuestions": [
                        {
                            "id": 1,
                            "question": "Which numbers are odd?"
                        }
                    ],
                    "wordMatchQuestions": [
                        {
                            "id": 1,
                            "question": "What are the attributes of Object Oriented Programming?"
                        }
                    ],
                    "trueOrFalseQuestions": [
                        {
                            "id": 1,
                            "question": "What color do you see on the screen"
                        }
                    ],
                    "trueOrFalseWithQualificationQuestions": [
                        {
                            "id": 1,
                            "question": "Do you have at least five years of experience working in recruitment?"
                        }
                    ],
                    "noCorrectAnswerQuestions": [
                        {
                            "id": 1,
                            "question": "What color do you see on the screen"
                        }
                    ]
                }
            ]
        },
        {
            "id": 2,
            "name": "Accountant",
            "employer": "Jomayi property masters",
            "imagePath": "assets/images/company/2.jpg",
            "postedDate": "13 August 2019",
            "closedDate": "24 September 2019",
            "status": "Active",
            "completedInterviews": 15,
            "pendingInterviews": 3,
            "favourites": [
                {
                    "firstName": "Risper",
                    "lastName": "Too",
                    "imagePath": "assets/images/favourites/2.jpg",
                    "knowledge": 90,
                    "skills": 90,
                    "ability": 90,
                    "other": 90
                }
            ],
            "ranked": [
                {
                    "firstName": "Ugly",
                    "lastName": "Betty",
                    "imagePath": "assets/images/ranked/4.jpg",
                    "knowledge": 70,
                    "skills": 80,
                    "ability": 79,
                    "other": 84
                }
            ],
            "questions": [
                {
                    "wordMatch": [
                        {
                            "id": 1,
                            "question": "What are the attributes of Object Oriented Programming?"
                        }
                    ],
                    "trueOrFalse": [
                        {
                            "id": 1,
                            "question": "What color do you see on the screen"
                        }
                    ],
                    "trueOrFalseWithQualification": [
                        {
                            "id": 1,
                            "question": "Do you have at least five years of experience working in recruitment?"
                        }
                    ]
                }
            ]
        },
        {
            "id": 3,
            "name": "Java Spring Boot developer",
            "employer": "Jomayi property masters",
            "imagePath": "assets/images/company/3.jpg",
            "postedDate": "13 August 2019",
            "closedDate": "24 September 2019",
            "status": "Active",
            "completedInterviews": 0,
            "pendingInterviews": 7,
            "favourites": [
                {
                    "firstName": "Kasaija",
                    "lastName": "Ronald",
                    "imagePath": "assets/images/favourites/4.jpg",
                    "knowledge": 99,
                    "skills": 99,
                    "ability": 99,
                    "other": 99
                },
                {
                    "firstName": "John",
                    "lastName": "Dickerson",
                    "imagePath": "assets/images/favourites/5.jpg",
                    "knowledge": 100,
                    "skills": 100,
                    "ability": 100,
                    "other": 100
                }
            ],
            "ranked": [
                {
                    "firstName": "Risper",
                    "lastName": "Too",
                    "imagePath": "assets/images/ranked/3.jpg",
                    "knowledge": 70,
                    "skills": 70,
                    "ability": 80,
                    "other": 60
                }
            ],
            "questions": [
                {
                    "numericRangeQuestions": [
                        {
                            "id": 1,
                            "question": "What is pi to 2 decimal places?"
                        },
                        {
                            "id": 2,
                            "question": "What is the boiling point of mercury?"
                        }
                    ],
                    "multiChoiceQuestions": [
                        {
                            "id": 1,
                            "question": "Which numbers are odd?"
                        }
                    ]
                }
            ]
        },
        {
            "id": 4,
            "name": "Restaurant Manager",
            "employer": "Jomayi property masters",
            "imagePath": "assets/images/company/4.jpg",
            "postedDate": "13 August 2019",
            "closedDate": "14 August 2019",
            "status": "Active",
            "completedInterviews": 55,
            "pendingInterviews": 30,
            "favourites": [
                {
                    "firstName": "Rose",
                    "lastName": "Mary",
                    "imagePath": "assets/images/favourites/6.jpg",
                    "knowledge": 90,
                    "skills": 89,
                    "ability": 89,
                    "other": 80
                },
                {
                    "firstName": "Becky",
                    "lastName": "Becky",
                    "imagePath": "assets/images/favourites/7.jpg",
                    "knowledge": 84,
                    "skills": 78,
                    "ability": 90,
                    "other": 81
                }
            ],
            "ranked": [
                {
                    "firstName": "John",
                    "lastName": "Dickerson",
                    "imagePath": "assets/images/ranked/5.jpg",
                    "knowledge": 70,
                    "skills": 60,
                    "ability": 80,
                    "other": 60
                }
            ],
            "questions": [
                {
                    "trueOrFalse": [
                        {
                            "id": 1,
                            "question": "What color do you see on the screen"
                        }
                    ],
                    "trueOrFalseWithQualification": [
                        {
                            "id": 1,
                            "question": "Do you have at least five years of experience working in recruitment?"
                        }
                    ],
                    "noCorrectAnswer": [
                        {
                            "id": 1,
                            "question": "What color do you see on the screen"
                        }
                    ]
                }
            ]
        },
        {
            "id": 5,
            "name": "Dentist",
            "employer": "Jomayi property masters",
            "imagePath": "assets/images/company/5.jpg",
            "postedDate": "13 August 2019",
            "closedDate": "14 August 2019",
            "status": "Past",
            "completedInterviews": 5,
            "pendingInterviews": 1,
            "favourites": [
                {
                    "firstName": "Irene",
                    "lastName": "Muthoni",
                    "imagePath": "assets/images/favourites/8.jpg",
                    "knowledge": 90,
                    "skills": 91,
                    "ability": 92,
                    "other": 89
                }
            ],
            "ranked": [
                {
                    "firstName": "Rose",
                    "lastName": "Mary",
                    "imagePath": "assets/images/ranked/6.jpg",
                    "knowledge": 67,
                    "skills": 77,
                    "ability": 68,
                    "other": 80
                }
            ],
            "questions": [
                {
                    "numericRangeQuestions": [
                        {
                            "id": 1,
                            "question": "What is pi to 2 decimal places?"
                        },
                        {
                            "id": 2,
                            "question": "What is the boiling point of mercury?"
                        }
                    ],
                    "multiChoiceQuestions": [
                        {
                            "id": 1,
                            "question": "Which numbers are odd?"
                        }
                    ],
                    "wordMatch": [
                        {
                            "id": 1,
                            "question": "What are the attributes of Object Oriented Programming?"
                        }
                    ],
                    "trueOrFalse": [
                        {
                            "id": 1,
                            "question": "What color do you see on the screen"
                        }
                    ],
                    "trueOrFalseWithQualification": [
                        {
                            "id": 1,
                            "question": "Do you have at least five years of experience working in recruitment?"
                        }
                    ],
                    "noCorrectAnswer": [
                        {
                            "id": 1,
                            "question": "What color do you see on the screen"
                        }
                    ]
                }
            ]
        },
        {
            "id": 6,
            "name": "20 Sales",
            "employer": "Jomayi property masters",
            "imagePath": "assets/images/company/1.jpg",
            "postedDate": "13 August 2019",
            "closedDate": "14 August 2019",
            "status": "Past",
            "completedInterviews": 50,
            "pendingInterviews": 14,
            "favourites": [
                {
                    "firstName": "Sadam",
                    "lastName": "Feisal",
                    "imagePath": "assets/images/favourites/9.jpg",
                    "knowledge": 90,
                    "skills": 99,
                    "ability": 89,
                    "other": 79
                },
                {
                    "firstName": "Nabil",
                    "lastName": "Feisal",
                    "imagePath": "assets/images/favourites/10.jpg",
                    "knowledge": 95,
                    "skills": 94,
                    "ability": 90,
                    "other": 90
                }
            ],
            "ranked": [
                {
                    "firstName": "Irene",
                    "lastName": "Muthoni",
                    "imagePath": "assets/images/ranked/8.jpg",
                    "knowledge": 70,
                    "skills": 71,
                    "ability": 82,
                    "other": 79
                },
                {
                    "firstName": "Rose",
                    "lastName": "Mary",
                    "imagePath": "assets/images/ranked/6.jpg",
                    "knowledge": 69,
                    "skills": 79,
                    "ability": 89,
                    "other": 70
                }
            ],
            "questions": [
                {
                    "numericRangeQuestions": [
                        {
                            "id": 1,
                            "question": "What is pi to 2 decimal places?"
                        },
                        {
                            "id": 2,
                            "question": "What is the boiling point of mercury?"
                        }
                    ],
                    "multiChoiceQuestions": [
                        {
                            "id": 1,
                            "question": "Which numbers are odd?"
                        }
                    ],
                    "wordMatch": [
                        {
                            "id": 1,
                            "question": "What are the attributes of Object Oriented Programming?"
                        }
                    ]
                }
            ]
        },
        {
            "id": 7,
            "name": "50 Security Guards",
            "employer": "Jomayi property masters",
            "imagePath": "assets/images/company/2.jpg",
            "postedDate": "13 August 2019",
            "closedDate": "14 August 2019",
            "status": "Past",
            "completedInterviews": 90,
            "pendingInterviews": 20,
            "favourites": [
                {
                    "firstName": "Patrick",
                    "lastName": "Martin",
                    "imagePath": "assets/images/favourites/11.jpg",
                    "knowledge": 80,
                    "skills": 85,
                    "ability": 75,
                    "other": 90
                },
                {
                    "firstName": "James",
                    "lastName": "Doe",
                    "imagePath": "assets/images/favourites/12.jpg",
                    "knowledge": 82,
                    "skills": 90,
                    "ability": 85,
                    "other": 82
                }
            ],
            "ranked": [
                {
                    "firstName": "Nabil",
                    "lastName": "Feisal",
                    "imagePath": "assets/images/ranked/10.jpg",
                    "knowledge": 78,
                    "skills": 64,
                    "ability": 79,
                    "other": 80
                }
            ],
            "questions": [
                {
                    "numericRangeQuestions": [
                        {
                            "id": 1,
                            "question": "What is pi to 2 decimal places?"
                        },
                        {
                            "id": 2,
                            "question": "What is the boiling point of mercury?"
                        }
                    ],
                    "multiChoiceQuestions": [
                        {
                            "id": 1,
                            "question": "Which numbers are odd?"
                        }
                    ],
                    "wordMatch": [
                        {
                            "id": 1,
                            "question": "What are the attributes of Object Oriented Programming?"
                        }
                    ],
                    "trueOrFalse": [
                        {
                            "id": 1,
                            "question": "What color do you see on the screen"
                        }
                    ]
                }
            ]
        },
        {
            "id": 8,
            "name": "100 Katalon Testers",
            "employer": "Jomayi property masters",
            "imagePath": "assets/images/company/3.jpg",
            "postedDate": "13 August 2019",
            "closedDate": "14 August 2019",
            "status": "Past",
            "completedInterviews": 90,
            "pendingInterviews": 29,
            "favourites": [
                {
                    "firstName": "John",
                    "lastName": "Njoroge",
                    "imagePath": "assets/images/favourites/13.jpg",
                    "knowledge": 80,
                    "skills": 85,
                    "ability": 75,
                    "other": 90
                },
                {
                    "firstName": "Linda",
                    "lastName": "Mugenyi",
                    "imagePath": "assets/images/favourites/14.jpg",
                    "knowledge": 82,
                    "skills": 90,
                    "ability": 85,
                    "other": 82
                },
                {
                    "firstName": "Mwine",
                    "lastName": "Timonthy",
                    "imagePath": "assets/images/favourites/15.jpg",
                    "knowledge": 82,
                    "skills": 90,
                    "ability": 85,
                    "other": 82
                }
            ],
            "ranked": [
                {
                    "firstName": "John",
                    "lastName": "Doe",
                    "imagePath": "assets/images/ranked/1.jpg",
                    "knowledge": 70,
                    "skills": 80,
                    "ability": 60,
                    "other": 76
                },
                {
                    "firstName": "William",
                    "lastName": "Williams",
                    "imagePath": "assets/images/ranked/2.jpg",
                    "knowledge": 89,
                    "skills": 60,
                    "ability": 80,
                    "other": 85
                }
            ],
            "questions": [
                {
                    "numericRangeQuestions": [
                        {
                            "id": 1,
                            "question": "What is pi to 2 decimal places?"
                        },
                        {
                            "id": 2,
                            "question": "What is the boiling point of mercury?"
                        }
                    ],
                    "multiChoiceQuestions": [
                        {
                            "id": 1,
                            "question": "Which numbers are odd?"
                        }
                    ],
                    "wordMatch": [
                        {
                            "id": 1,
                            "question": "What are the attributes of Object Oriented Programming?"
                        }
                    ],
                    "trueOrFalse": [
                        {
                            "id": 1,
                            "question": "What color do you see on the screen"
                        }
                    ],
                    "trueOrFalseWithQualification": [
                        {
                            "id": 1,
                            "question": "Do you have at least five years of experience working in recruitment?"
                        }
                    ],
                    "noCorrectAnswer": [
                        {
                            "id": 1,
                            "question": "What color do you see on the screen"
                        }
                    ]
                }
            ]
        }
    ],
    "otherClients": [
        {
            "id": 1,
            "firstName": "John",
            "lastName": "Doe"
        },
        {
            "id": 2,
            "firstName": "William",
            "lastName": "Williams"
        }
    ]
}