<assembly xmlns="http://maven.apache.org/plugins/maven-assembly-plugin/assembly/1.1.2" 
    xmlns:xsi="http://www.w3.org/2001/XMLSchema-instance" xsi:schemaLocation="http://maven.apache.org/plugins/maven-assembly-plugin/assembly/1.1.2 http://maven.apache.org/xsd/assembly-1.1.2.xsd">
    <id>assembly</id>
    <formats>
        <format>zip</format>
    </formats>
    <includeBaseDirectory>false</includeBaseDirectory>
    <!-- <dependencySets>
        <dependencySet>
            <outputDirectory>/</outputDirectory>
            <unpack>false</unpack>
            <includes>
                <include>${artifact}</include>
            </includes>
        </dependencySet>
        <dependencySet>
            <outputDirectory>/lib</outputDirectory>
            <unpack>false</unpack>
            <excludes>
                <exclude>${artifact}</exclude>
            </excludes>
        </dependencySet>
    </dependencySets> -->
    <fileSets>
        <fileSet>
            <directory>dist</directory>
            <outputDirectory>freshdairyweb</outputDirectory>
            
        </fileSet>
    </fileSets>
</assembly>
